{"timestamp": "2025-03-29T20:23:58.856056", "vector_chunks": 289, "progress_percent": 22.918318794607455, "processing_rate": 0, "bottlenecks": []}
